Org Category,Industry,Organisation,Designation,Index,Name,Remarks
T,Investment,LuminaTech Solutions,T BOD,1,AAA-1,
T,Investment,LuminaTech Solutions,T BOD,2,AAA-2,
T,Investment,LuminaTech Solutions,T BOD,3,AAA-3,
T,Investment,LuminaTech Solutions,T BOD,4,AAA-4,
T,Investment,LuminaTech Solutions,T BOD,5,AAA-5,
T,Investment,LuminaTech Solutions,T BOD,6,AAA-6,
T,Investment,LuminaTech Solutions,T BOD,7,AAA-7,
T,Investment,LuminaTech Solutions,T BOD,8,AAA-8,
T,Investment,LuminaTech Solutions,T BOD,9,AAA-9,
T,Investment,LuminaTech Solutions,T BOD,10,AAA-10,
T,Investment,LuminaTech Solutions,T BOD,11,AAA-11,
T,Investment,Quantum Innovations,T GEC,1,AAB-1,
T,Investment,Quantum Innovations,T GEC,2,AAB-2,
T,Investment,Quantum Innovations,T GEC,3,AAB-3,
T,Investment,Quantum Innovations,T GEC,4,AAB-4,
T,Investment,Quantum Innovations,T GEC,5,AAB-5,
T,Investment,Quantum Innovations,T GEC,6,AAB-6,
T,Investment,Quantum Innovations,T GEC,7,AAB-7,
T,Investment,Quantum Innovations,T GEC,8,AAB-8,
T,Investment,Quantum Innovations,T GEC,9,AAB-9,
T,Investment,Quantum Innovations,T GEC,10,AAB-10,
T,Investment,Quantum Innovations,T GEC,11,AAB-11,
T,Investment,Quantum Innovations,T GEC,12,AAB-12,
T,Investment,Quantum Innovations,T GEC,13,AAB-13,
T,Investment,Quantum Innovations,T GEC,14,AAB-14,
T,Investment,Quantum Innovations,T GEC,15,AAB-15,
T,Investment,Quantum Innovations,T GEC,16,AAB-16,
T,Investment,Quantum Innovations,T GEC,17,AAB-17,
T,Investment,Quantum Innovations,T GEC,18,AAB-18,
T,Investment,Quantum Innovations,T GEC,19,AAB-19,
T,Investment,Quantum Innovations,T GEC,20,AAB-20,
T,Investment,Quantum Innovations,T GEC,21,AAB-21,
T,Investment,Quantum Innovations,T MD,22,AAB-22,
T,Investment,Quantum Innovations,T MD,23,AAB-23,
T,Investment,Quantum Innovations,T MD,24,AAB-24,[duplicate]
T,Investment,Quantum Innovations,T MD,25,AAB-25,
T,Investment,Quantum Innovations,T MD,26,AAB-26,
T,Investment,Quantum Innovations,T MD,27,AAB-27,
T,Investment,Quantum Innovations,T MD,28,AAB-28,
T,Investment,Quantum Innovations,T MD,29,AAB-29,
T,Investment,Quantum Innovations,T MD,30,AAB-30,
T,Investment,Quantum Innovations,T MD,31,AAB-31,
T,Investment,Quantum Innovations,T MD,32,AAB-32,
T,Investment,Quantum Innovations,T MD,33,AAB-33,
T,Investment,Quantum Innovations,T MD,34,AAB-34,
T,Investment,Quantum Innovations,T MD,35,AAB-35,
T,Investment,Quantum Innovations,T MD,36,AAB-36,
T,Investment,Quantum Innovations,T MD,37,AAB-37,
T,Investment,Quantum Innovations,T MD,38,AAB-38,
T,Investment,Quantum Innovations,T MD,39,AAB-39,
T,Investment,Quantum Innovations,T MD,40,AAB-40,
T,Investment,Quantum Innovations,T MD,41,AAB-41,
T,Investment,Quantum Innovations,T MD,42,AAB-42,
T,Investment,Quantum Innovations,T MD,43,AAB-43,
T,Investment,Quantum Innovations,T MD,44,AAB-44,
T,Investment,Quantum Innovations,T MD,45,AAB-45,
T,Investment,Quantum Innovations,T MD,46,AAB-46,
T,Investment,Quantum Innovations,T MD,47,AAB-47,
T,Investment,Quantum Innovations,T MD,48,AAB-48,
T,Investment,Quantum Innovations,T MD,49,AAB-49,
T,Investment,Quantum Innovations,T MD,50,AAB-50,
T,Investment,Quantum Innovations,T MD,51,AAB-51,
T,Investment,Quantum Innovations,T MD,52,AAB-52,
T,Investment,Quantum Innovations,T MD,53,AAB-53,
T,Investment,Quantum Innovations,T MD,54,AAB-54,
T,Investment,Quantum Innovations,T MD,55,AAB-55,[duplicate]
T,Investment,Quantum Innovations,T MD,56,AAB-56,
T,Investment,Quantum Innovations,T MD,57,AAB-57,
T,Investment,Quantum Innovations,T MD,58,AAB-58,
T,Investment,Quantum Innovations,T MD,59,AAB-59,
T,Investment,Quantum Innovations,T MD,60,AAB-60,
T,Investment,Quantum Innovations,T MD,61,AAB-61,
T,Investment,Quantum Innovations,T MD,62,AAB-62,
T,Investment,Quantum Innovations,T MD,63,AAB-63,
T,Investment,Quantum Innovations,T MD,64,AAB-64,
T,Investment,Quantum Innovations,T MD,65,AAB-65,
T,Investment,Quantum Innovations,T MD,66,AAB-66,
T,Investment,Quantum Innovations,T MD,67,AAB-67,
T,Investment,Quantum Innovations,T MD,68,AAB-68,
T,Investment,Quantum Innovations,T MD,69,AAB-69,
T,Investment,Quantum Innovations,T MD,70,AAB-70,
T,Investment,Quantum Innovations,T MD,71,AAB-71,
T,Investment,Quantum Innovations,T MD,72,AAB-72,
T,Investment,Quantum Innovations,T MD,73,AAB-73,
T,Investment,Quantum Innovations,T MD,74,AAB-74,
T,Investment,Quantum Innovations,T MD,75,AAB-75,
T,Investment,Quantum Innovations,T MD,76,AAB-76,
T,Investment,Quantum Innovations,T MD,77,AAB-77,
T,Investment,Quantum Innovations,T MD,78,AAB-78,
T,Investment,Quantum Innovations,T MD,79,AAB-79,
T,Investment,Quantum Innovations,T MD,80,AAB-80,
T,Investment,Quantum Innovations,T MD,81,AAB-81,
T,Investment,Quantum Innovations,T MD,82,AAB-82,
T,Investment,Quantum Innovations,T MD,83,AAB-83,
T,Investment,Quantum Innovations,T MD,84,AAB-84,
T,Investment,Quantum Innovations,T MD,85,AAB-85,
T,Investment,Quantum Innovations,T MD,86,AAB-86,[duplicate]
T,Investment,Quantum Innovations,T MD,87,AAB-87,
T,Investment,Quantum Innovations,T MD,88,AAB-88,
T,Investment,Quantum Innovations,T MD,89,AAB-89,
T,Investment,Quantum Innovations,T MD,90,AAB-90,
T,Investment,Quantum Innovations,T Dir,91,AAB-91,
T,Investment,Quantum Innovations,T Dir,92,AAB-92,
T,Investment,Quantum Innovations,T Dir,93,AAB-93,
T,Investment,Quantum Innovations,T Dir,94,AAB-94,
T,Investment,Quantum Innovations,T Dir,95,AAB-95,
T,Investment,Quantum Innovations,T Dir,96,AAB-96,
T,Investment,Quantum Innovations,T Dir,97,AAB-97,
T,Investment,Quantum Innovations,T Dir,98,AAB-98,
T,Investment,Quantum Innovations,T Dir,99,AAB-99,
T,Investment,Quantum Innovations,T Dir,100,AAB-100,
T,Investment,Quantum Innovations,T Dir,101,AAB-101,
T,Investment,Quantum Innovations,T Dir,102,AAB-102,
T,Investment,Quantum Innovations,T Dir,103,AAB-103,
T,Investment,Quantum Innovations,Working Team,104,AAB-104,
T,Investment,Quantum Innovations,Working Team,105,AAB-105,
T,Investment,Quantum Innovations,Working Team,106,AAB-106,
T,Investment,Quantum Innovations,Working Team,107,AAB-107,
T,Investment,Quantum Innovations,Working Team,108,AAB-108,
T,Investment,Quantum Innovations,Working Team,109,AAB-109,
T,Investment,Quantum Innovations,Working Team,110,AAB-110,
T,Investment,Quantum Innovations,Working Team,111,AAB-111,
T,Investment,Quantum Innovations,Working Team,112,AAB-112,
T,Investment,Quantum Innovations,Working Team,113,AAB-113,
T,Investment,Quantum Innovations,Working Team,114,AAB-114,
T,Investment,Quantum Innovations,Working Team,115,AAB-115,
T,Investment,Quantum Innovations,Working Team,116,AAB-116,
T,Investment,Quantum Innovations,Working Team,117,AAB-117,
Core TPCs,Real Estate/Investment,Apex Dynamics,TPC Chmn,1,AAL-1,
Core TPCs,Real Estate/Investment,Apex Dynamics,TPC Dy Chmn,2,AAL-2,[duplicate]
Core TPCs,Real Estate/Investment,Apex Dynamics,TPC Board,3,AAL-3,[duplicate]
Core TPCs,Real Estate/Investment,Apex Dynamics,TPC Board,4,AAL-4,[duplicate]
Core TPCs,Real Estate/Investment,Apex Dynamics,TPC Board,5,AAL-5,
Core TPCs,Real Estate/Investment,Apex Dynamics,TPC Board,6,AAL-6,
Core TPCs,Real Estate/Investment,Apex Dynamics,TPC Board,7,AAL-7,
Core TPCs,Real Estate/Investment,Apex Dynamics,TPC Board,8,AAL-8,
Core TPCs,Real Estate/Investment,Apex Dynamics,TPC Board,9,AAL-9,
Core TPCs,Real Estate/Investment,Stellar Synergy,TPC Chmn,1,AAM-1,
Core TPCs,Real Estate/Investment,Stellar Synergy,TPC CEO,2,AAM-2,
Core TPCs,Real Estate/Investment,Stellar Synergy,TPC Board,3,AAM-3,
Core TPCs,Real Estate/Investment,Stellar Synergy,TPC Board,4,AAM-4,
Core TPCs,Real Estate/Investment,Stellar Synergy,TPC Board,5,AAM-5,[duplicate]
Core TPCs,Real Estate/Investment,Stellar Synergy,TPC Board,6,AAM-6,
Core TPCs,Real Estate/Investment,Stellar Synergy,TPC Board,7,AAM-7,
Core TPCs,Real Estate/Investment,Stellar Synergy,TPC Board,8,AAM-8,
Core TPCs,Real Estate/Investment,Stellar Synergy,TPC Board,9,AAM-9,
Core TPCs,Real Estate/Investment,Stellar Synergy,TPC Board,10,AAM-10,
Core TPCs,Real Estate/Investment,Stellar Synergy,TPC Board,11,AAM-11,
Core TPCs,Real Estate/Investment,Nexus Ventures,TPC CEO,1,AAN-1,[duplicate]
Core TPCs,Security Services,Aurora Analytics,TPC Chmn,1,AAO-1,
Core TPCs,Security Services,Aurora Analytics,TPC CEO,2,AAO-2,
Core TPCs,Security Services,Aurora Analytics,TPC Board,3,AAO-3,
Core TPCs,Security Services,Aurora Analytics,TPC Board,4,AAO-4,
Core TPCs,Security Services,Aurora Analytics,TPC Board,5,AAO-5,
Core TPCs,Security Services,Aurora Analytics,TPC Board,6,AAO-6,
Core TPCs,Security Services,Aurora Analytics,TPC Board,7,AAO-7,
Core TPCs,Security Services,Aurora Analytics,TPC Board,8,AAO-8,[duplicate]
Core TPCs,Banking/Financial Services,Epoch Enterprises,TPC Chmn,1,AAU-1,
Core TPCs,Banking/Financial Services,Epoch Enterprises,TPC CEO,2,AAU-2,
Core TPCs,Banking/Financial Services,Epoch Enterprises,TPC Board,3,AAU-3,
Core TPCs,Banking/Financial Services,Epoch Enterprises,TPC Board,4,AAU-4,
Core TPCs,Banking/Financial Services,Epoch Enterprises,TPC Board,5,AAU-5,
Core TPCs,Banking/Financial Services,Epoch Enterprises,TPC Board,6,AAU-6,[duplicate]
Core TPCs,Banking/Financial Services,Epoch Enterprises,TPC Board,7,AAU-7,
Core TPCs,Banking/Financial Services,Epoch Enterprises,TPC Board,8,AAU-8,
Core TPCs,Banking/Financial Services,Epoch Enterprises,TPC Board,9,AAU-9,
Core TPCs,Banking/Financial Services,Epoch Enterprises,TPC Board,10,AAU-10,
Core TPCs,Infrastructure/Investment,Zenith Creations,TPC Chmn,1,ABE-1,
Core TPCs,Infrastructure/Investment,Zenith Creations,TPC CEO,2,ABE-2,
Core TPCs,Infrastructure/Investment,Zenith Creations,TPC Board,3,ABE-3,
Core TPCs,Infrastructure/Investment,Zenith Creations,TPC Board,4,ABE-4,
Core TPCs,Infrastructure/Investment,Zenith Creations,TPC Board,5,ABE-5,
Core TPCs,Infrastructure/Investment,Zenith Creations,TPC Board,6,ABE-6,[duplicate]
Core TPCs,Infrastructure/Investment,Zenith Creations,TPC Board,7,ABE-7,[duplicate]
Core TPCs,Infrastructure/Investment,Zenith Creations,TPC Board,8,ABE-8,
Core TPCs,Infrastructure/Investment,Zenith Creations,TPC Board,9,ABE-9,
Core TPCs,Infrastructure/Investment,Zenith Creations,TPC Board,10,ABE-10,
Core TPCs,Infrastructure/Investment,Zenith Creations,TPC Board,11,ABE-11,
Core TPCs,Infrastructure/Investment,Zenith Creations,TPC Board,12,ABE-12,
Core TPCs,Hospitality/Entertainment,Titan Technologies,TPC Chmn,1,ABG-1,
Core TPCs,Hospitality/Entertainment,Titan Technologies,TPC Chmn,2,ABG-2,
Core TPCs,Hospitality/Entertainment,Titan Technologies,TPC CEO,3,ABG-3,
Core TPCs,Hospitality/Entertainment,Titan Technologies,TPC Board,4,ABG-4,
Core TPCs,Hospitality/Entertainment,Titan Technologies,TPC Board,5,ABG-5,
Core TPCs,Hospitality/Entertainment,Titan Technologies,TPC Board,6,ABG-6,
Core TPCs,Hospitality/Entertainment,Titan Technologies,TPC Board,7,ABG-7,
Core TPCs,Hospitality/Entertainment,Titan Technologies,TPC Board,8,ABG-8,
Core TPCs,Hospitality/Entertainment,Titan Technologies,TPC Board,9,ABG-9,
Core TPCs,Hospitality/Entertainment,Titan Technologies,TPC Board,10,ABG-10,
Core TPCs,Hospitality/Entertainment,Titan Technologies,TPC Board,11,ABG-11,
Core TPCs,Hospitality/Entertainment,Titan Technologies,TPC Board,12,ABG-12,
Core TPCs,Hospitality/Entertainment,Titan Technologies,TPC Board,13,ABG-13,
Core TPCs,Real Estate/Investment,Phoenix Dynamics,TPC Chmn,1,ABH-1,
Core TPCs,Real Estate/Investment,Phoenix Dynamics,TPC CEO,2,ABH-2,
Core TPCs,Real Estate/Investment,Phoenix Dynamics,TPC Board,3,ABH-3,
Core TPCs,Real Estate/Investment,Phoenix Dynamics,TPC Board,4,ABH-4,
Core TPCs,Real Estate/Investment,Phoenix Dynamics,TPC Board,5,ABH-5,
Core TPCs,Real Estate/Investment,Phoenix Dynamics,TPC Board,6,ABH-6,
Core TPCs,Real Estate/Investment,Phoenix Dynamics,TPC Board,7,ABH-7,
Core TPCs,Real Estate/Investment,Phoenix Dynamics,TPC Board,8,ABH-8,
Core TPCs,Real Estate/Investment,Phoenix Dynamics,TPC Board,9,ABH-9,
Core TPCs,Real Estate/Investment,Phoenix Dynamics,TPC Board,10,ABH-10,
Core TPCs,Media/Entertainment,Nebula Networks,TPC Chmn,1,ABJ-1,
Core TPCs,Media/Entertainment,Nebula Networks,TPC CEO,2,ABJ-2,
Core TPCs,Media/Entertainment,Nebula Networks,TPC Board,3,ABJ-3,
Core TPCs,Media/Entertainment,Nebula Networks,TPC Board,4,ABJ-4,
Core TPCs,Media/Entertainment,Nebula Networks,TPC Board,5,ABJ-5,
Core TPCs,Media/Entertainment,Nebula Networks,TPC Board,6,ABJ-6,
Core TPCs,Media/Entertainment,Nebula Networks,TPC Board,7,ABJ-7,
Core TPCs,Media/Entertainment,Nebula Networks,TPC Board,8,ABJ-8,
Core TPCs,Media/Entertainment,Nebula Networks,TPC Board,9,ABJ-9,
Core TPCs,Media/Entertainment,Nebula Networks,TPC Board,10,ABJ-10,
Core TPCs,Food/Agriculture,Vertex Ventures,TPC Chmn,1,ABN-1,
Core TPCs,Food/Agriculture,Vertex Ventures,TPC CEO,2,ABN-2,
Core TPCs,Food/Agriculture,Vertex Ventures,TPC Board,3,ABN-3,
Core TPCs,Food/Agriculture,Vertex Ventures,TPC Board,4,ABN-4,
Core TPCs,Food/Agriculture,Vertex Ventures,TPC Board,5,ABN-5,
Core TPCs,Food/Agriculture,Vertex Ventures,TPC Board,6,ABN-6,
Core TPCs,Food/Agriculture,Vertex Ventures,TPC Board,7,ABN-7,
Core TPCs,Food/Agriculture,Vertex Ventures,TPC Board,8,ABN-8,
Core TPCs,Food/Agriculture,Vertex Ventures,TPC Board,9,ABN-9,
Core TPCs,Food/Agriculture,Vertex Ventures,TPC Board,10,ABN-10,
Core TPCs,Energy/Utilities,Horizon Innovations,TPC Chmn,1,ABP-1,
Core TPCs,Energy/Utilities,Horizon Innovations,TPC Dy Chmn,2,ABP-2,
Core TPCs,Energy/Utilities,Horizon Innovations,TPC CEO,3,ABP-3,
Core TPCs,Energy/Utilities,Horizon Innovations,TPC Board,4,ABP-4,
Core TPCs,Energy/Utilities,Horizon Innovations,TPC Board,5,ABP-5,
Core TPCs,Energy/Utilities,Horizon Innovations,TPC Board,6,ABP-6,
Core TPCs,Energy/Utilities,Horizon Innovations,TPC Board,7,ABP-7,
Core TPCs,Energy/Utilities,Horizon Innovations,TPC Board,8,ABP-8,
Core TPCs,Energy/Utilities,Horizon Innovations,TPC Board,9,ABP-9,
Core TPCs,Energy/Utilities,Horizon Innovations,TPC Board,10,ABP-10,
Core TPC Subsi,Energy/Utilities,Prism Partners,TPC Subsi Chmn,1,AAZ-1,
Core TPC Subsi,Energy/Utilities,Prism Partners,TPC Subsi CEO,2,AAZ-2,
Core TPCs,Port Operations/Logistics,Fusion Dynamics,TPC Chmn,1,ABT-1,
Core TPCs,Port Operations/Logistics,Fusion Dynamics,TPC CEO,2,ABT-2,
Core TPCs,Port Operations/Logistics,Fusion Dynamics,TPC CEO,3,ABT-3,
Core TPCs,Port Operations/Logistics,Fusion Dynamics,TPC Board,4,ABT-4,
Core TPCs,Port Operations/Logistics,Fusion Dynamics,TPC Board,5,ABT-5,
Core TPCs,Port Operations/Logistics,Fusion Dynamics,TPC Board,6,ABT-6,
Core TPCs,Port Operations/Logistics,Fusion Dynamics,TPC Board,7,ABT-7,
Core TPCs,Port Operations/Logistics,Fusion Dynamics,TPC Board,8,ABT-8,
Core TPCs,Port Operations/Logistics,Fusion Dynamics,TPC Board,9,ABT-9,
Core TPCs,Port Operations/Logistics,Fusion Dynamics,TPC Board,10,ABT-10,
Core TPCs,Port Operations/Logistics,Fusion Dynamics,TPC Board,11,ABT-11,
Core TPCs,Port Operations/Logistics,Fusion Dynamics,TPC Board,12,ABT-12,
Core TPCs,Aviation Services,Zenith Innovations,TPC Chmn,1,ABV-1,
Core TPCs,Aviation Services,Zenith Innovations,TPC CEO,2,ABV-2,
Core TPCs,Aviation Services,Zenith Innovations,TPC Board,3,ABV-3,
Core TPCs,Aviation Services,Zenith Innovations,TPC Board,4,ABV-4,
Core TPCs,Aviation Services,Zenith Innovations,TPC Board,5,ABV-5,
Core TPCs,Aviation Services,Zenith Innovations,TPC Board,6,ABV-6,
Core TPCs,Aviation Services,Zenith Innovations,TPC Board,7,ABV-7,
Core TPCs,Aviation Services,Zenith Innovations,TPC Board,8,ABV-8,
Core TPCs,Aviation Services,Zenith Innovations,TPC Board,9,ABV-9,
Core TPCs,Aviation Services,Zenith Innovations,TPC Board,10,ABV-10,
Core TPCs,Aviation Services,Zenith Innovations,TPC Board,11,ABV-11,
Core TPCs,Aviation Services,Zenith Innovations,TPC Board,12,ABV-12,
Core TPCs,Investment,Solstice Solutions,TPC Chmn,1,ABX-1,
Core TPCs,Investment,Solstice Solutions,TPC Dy Chmn,2,ABX-2,
Core TPCs,Investment,Solstice Solutions,TPC CEO,3,ABX-3,
Core TPCs,Investment,Solstice Solutions,TPC Board,4,ABX-4,
Core TPCs,Investment,Solstice Solutions,TPC Board,5,ABX-5,
Core TPCs,Investment,Solstice Solutions,TPC Board,6,ABX-6,
Core TPCs,Investment,Solstice Solutions,TPC Board,7,ABX-7,
Core TPCs,Investment,Solstice Solutions,TPC Board,8,ABX-8,
Core TPCs,Investment,Solstice Solutions,TPC Board,9,ABX-9,
Core TPCs,Investment,Solstice Solutions,TPC Board,10,ABX-10,
Core TPCs,Utilities/Engineering,Infinity Technologies,Former Chmn,1,ABY-1,
Core TPCs,Utilities/Engineering,Infinity Technologies,TPC Chmn,2,ABY-2,
Core TPCs,Utilities/Engineering,Infinity Technologies,TPC Board,3,ABY-3,
Core TPCs,Utilities/Engineering,Infinity Technologies,TPC CEO,4,ABY-4,
Core TPCs,Utilities/Engineering,Infinity Technologies,TPC Board,5,ABY-5,
Core TPCs,Utilities/Engineering,Infinity Technologies,TPC Board,6,ABY-6,
Core TPCs,Utilities/Engineering,Infinity Technologies,TPC Board,7,ABY-7,
Core TPCs,Utilities/Engineering,Infinity Technologies,TPC Board,8,ABY-8,
Core TPCs,Utilities/Engineering,Infinity Technologies,TPC Board,9,ABY-9,
Core TPCs,Utilities/Engineering,Infinity Technologies,TPC Board,10,ABY-10,
Core TPCs,Utilities/Engineering,Infinity Technologies,TPC Board,11,ABY-11,
Core TPCs,Aviation,Nova Nexus,TPC Chmn,1,ACB-1,
Core TPCs,Aviation,Nova Nexus,TPC CEO,2,ACB-2,
Core TPCs,Aviation,Nova Nexus,TPC Board,3,ACB-3,
Core TPCs,Aviation,Nova Nexus,TPC Board,4,ACB-4,
Core TPCs,Aviation,Nova Nexus,TPC Board,5,ACB-5,
Core TPCs,Aviation,Nova Nexus,TPC Board,6,ACB-6,
Core TPCs,Aviation,Nova Nexus,TPC Board,7,ACB-7,
Core TPCs,Aviation,Nova Nexus,TPC Board,8,ACB-8,
Core TPCs,Aviation,Nova Nexus,TPC Board,9,ACB-9,
Core TPCs,Aviation,Nova Nexus,TPC Board,10,ACB-10,
Core TPCs,Utilities/Infrastructure,Paradigm Productions,TPC Chmn,1,ACE-1,
Core TPCs,Utilities/Infrastructure,Paradigm Productions,TPC CEO,2,ACE-2,
Core TPCs,Utilities/Infrastructure,Paradigm Productions,TPC Board,3,ACE-3,
Core TPCs,Utilities/Infrastructure,Paradigm Productions,TPC Board,4,ACE-4,
Core TPCs,Utilities/Infrastructure,Paradigm Productions,TPC Board,5,ACE-5,
Core TPCs,Utilities/Infrastructure,Paradigm Productions,TPC Board,6,ACE-6,
Core TPCs,Utilities/Infrastructure,Paradigm Productions,TPC Board,7,ACE-7,
Core TPCs,Utilities/Infrastructure,Paradigm Productions,TPC Board,8,ACE-8,
Core TPCs,Utilities/Infrastructure,Paradigm Productions,TPC Board,9,ACE-9,
Core TPCs,Telecommunications,Catalyst Consulting,TPC Chmn,1,ACC-1,
Core TPCs,Telecommunications,Catalyst Consulting,TPC CEO,2,ACC-2,
Core TPCs,Telecommunications,Catalyst Consulting,TPC Board,3,ACC-3,
Core TPCs,Telecommunications,Catalyst Consulting,TPC Board,4,ACC-4,
Core TPCs,Telecommunications,Catalyst Consulting,TPC Board,5,ACC-5,
Core TPCs,Telecommunications,Catalyst Consulting,TPC Board,6,ACC-6,
Core TPCs,Telecommunications,Catalyst Consulting,TPC Board,7,ACC-7,
Core TPCs,Telecommunications,Catalyst Consulting,TPC Board,8,ACC-8,
Core TPCs,Telecommunications,Catalyst Consulting,TPC Board,9,ACC-9,
Core TPCs,Telecommunications,Catalyst Consulting,TPC Board,10,ACC-10,
Core TPCs,Telecommunications,Catalyst Consulting,TPC Board,11,ACC-11,
Core TPCs,Telecommunications,Catalyst Consulting,TPC Board,12,ACC-12,
Core TPCs,Telecommunications,Catalyst Consulting,TPC Board,13,ACC-13,
Core TPCs,Transportation/Infrastructure,Empyrean Enterprises,TPC Chmn,1,ACD-1,
Core TPCs,Transportation/Infrastructure,Empyrean Enterprises,TPC Dy Chmn,2,ACD-2,
Core TPCs,Transportation/Infrastructure,Empyrean Enterprises,TPC CEO,3,ACD-3,
Core TPCs,Transportation/Infrastructure,Empyrean Enterprises,TPC Board,4,ACD-4,
Core TPCs,Transportation/Infrastructure,Empyrean Enterprises,TPC Board,5,ACD-5,
Core TPCs,Transportation/Infrastructure,Empyrean Enterprises,TPC Board,6,ACD-6,
Core TPCs,Transportation/Infrastructure,Empyrean Enterprises,TPC Board,7,ACD-7,
Core TPCs,Transportation/Infrastructure,Empyrean Enterprises,TPC Board,8,ACD-8,
Core TPCs,Transportation/Infrastructure,Empyrean Enterprises,TPC Board,9,ACD-9,
Core TPCs,Transportation/Infrastructure,Empyrean Enterprises,TPC Board,10,ACD-10,
Core TPCs,Aerospace/Engineering,Summit Solutions,Former Chmn,1,ACG-1,
Core TPCs,Aerospace/Engineering,Summit Solutions,TPC Chmn,2,ACG-2,
Core TPCs,Aerospace/Engineering,Summit Solutions,TPC CEO,3,ACG-3,
Core TPCs,Aerospace/Engineering,Summit Solutions,TPC Board,4,ACG-4,
Core TPCs,Aerospace/Engineering,Summit Solutions,TPC Board,5,ACG-5,
Core TPCs,Aerospace/Engineering,Summit Solutions,TPC Board,6,ACG-6,
Core TPCs,Aerospace/Engineering,Summit Solutions,TPC Board,7,ACG-7,
Core TPCs,Aerospace/Engineering,Summit Solutions,TPC Board,8,ACG-8,
Core TPCs,Aerospace/Engineering,Summit Solutions,TPC Board,9,ACG-9,
Core TPCs,Aerospace/Engineering,Summit Solutions,TPC Board,10,ACG-10,
Core TPCs,Aerospace/Engineering,Summit Solutions,TPC Board,11,ACG-11,
Core TPCs,Aerospace/Engineering,Summit Solutions,TPC Board,12,ACG-12,
Core TPCs,Aerospace/Engineering,Summit Solutions,TPC Board,13,ACG-13,
Core TPCs,Aerospace/Engineering,Summit Solutions,TPC Board,14,ACG-14,
Core TPCs,Aerospace/Engineering,Summit Solutions,TPC Board,15,ACG-15,
Core TPCs,Telecommunications/Investment,Genesis Global,TPC Chmn,1,ACH-1,
Core TPCs,Telecommunications/Investment,Genesis Global,TPC CEO,2,ACH-2,
Core TPCs,Telecommunications/Investment,Genesis Global,TPC Board,3,ACH-3,
Core TPCs,Telecommunications/Investment,Genesis Global,TPC Board,4,ACH-4,
Core TPCs,Telecommunications/Investment,Genesis Global,TPC Board,5,ACH-5,
Core TPCs,Telecommunications/Investment,Genesis Global,TPC Board,6,ACH-6,
Core TPCs,Telecommunications/Investment,Genesis Global,TPC Dy Chmn,7,ACH-7,
Core TPCs,Telecommunications/Investment,Genesis Global,TPC Dy Chmn,8,ACH-8,
Core TPCs,Telecommunications/Investment,Genesis Global,TPC Board,9,ACH-9,
Core TPCs,Telecommunications/Investment,Genesis Global,TPC Board,10,ACH-10,
Core TPCs,Urban Development/Infrastructure,Serenity Systems,TPC Chmn,1,ACI-1,
Core TPCs,Urban Development/Infrastructure,Serenity Systems,TPC CEO,2,ACI-2,
Core TPCs,Urban Development/Infrastructure,Serenity Systems,TPC Board,3,ACI-3,
Core TPCs,Urban Development/Infrastructure,Serenity Systems,TPC Board,4,ACI-4,
Core TPCs,Urban Development/Infrastructure,Serenity Systems,TPC Board,5,ACI-5,
Core TPCs,Urban Development/Infrastructure,Serenity Systems,TPC Board,6,ACI-6,
Core TPCs,Urban Development/Infrastructure,Serenity Systems,TPC Board,7,ACI-7,
Core TPCs,Urban Development/Infrastructure,Serenity Systems,TPC Board,8,ACI-8,
Core TPCs,Urban Development/Infrastructure,Serenity Systems,TPC Board,9,ACI-9,
Core TPCs,Urban Development/Infrastructure,Serenity Systems,TPC Board,10,ACI-10,
Core TPCs,Urban Development/Infrastructure,Serenity Systems,TPC Board,11,ACI-11,
Core TPCs,Urban Development/Infrastructure,Serenity Systems,TPC Board,12,ACI-12,
Core TPCs,Investment,Pinnacle Partners,TPC Chmn,1,AAX-1,
Core TPCs,Investment,Pinnacle Partners,TPC Dy Chmn,2,AAX-2,
Core TPCs,Investment,Pinnacle Partners,TPC CEO,3,AAX-3,
Core TPCs,Investment,Pinnacle Partners,TPC Board,4,AAX-4,
Core TPCs,Investment,Pinnacle Partners,TPC Board,5,AAX-5,
Core TPCs,Investment,Pinnacle Partners,TPC Board,6,AAX-6,
Core TPCs,Investment,Pinnacle Partners,TPC Board,7,AAX-7,
Core TPCs,Shipping/Logistics,Quantum Quest,TPC Chmn,1,ABS-1,
Core TPCs,Shipping/Logistics,Quantum Quest,TPC Dy Chmn,2,ABS-2,
Core TPCs,Shipping/Logistics,Quantum Quest,TPC Dy Chmn,3,ABS-3,
Core TPCs,Shipping/Logistics,Quantum Quest,TPC CEO,4,ABS-4,
Core TPCs,Shipping/Logistics,Quantum Quest,TPC Board,5,ABS-5,
Core TPCs,Shipping/Logistics,Quantum Quest,TPC Board,6,ABS-6,
Core TPCs,Shipping/Logistics,Quantum Quest,TPC Board,7,ABS-7,
Smaller TPCs,Manufacturing/Technology,Eclipse Investments,Smaller TPC Chmn,1,AAI-1,
Smaller TPCs,Manufacturing/Technology,Eclipse Investments,Smaller TPC CEO,2,AAI-2,
Smaller TPCs,Healthcare/Technology,Momentum Media,Smaller TPC Chmn,1,AAJ-1,
Smaller TPCs,Healthcare/Technology,Momentum Media,Smaller TPC CEO,2,AAJ-2,
Smaller TPCs,Investment,Stratosphere Solutions,Smaller TPC Chmn,1,AAT-1,
Smaller TPCs,Investment,Stratosphere Solutions,Smaller TPC CEO,2,AAT-2,
Smaller TPCs,Investment Services,Apex Alliance,Smaller TPC Chmn,1,ACJ-1,
AUM,Investment,Odyssey Innovations,AUM Chmn,1,ABZ-1,
AUM,Investment,Odyssey Innovations,AUM CEO,2,ABZ-2,
AUM,Investment,Odyssey Innovations,AUM NED,3,ABZ-3,
AUM,Investment,Odyssey Innovations,AUM NED,4,ABZ-4,
AUM,Investment,Odyssey Innovations,AUM NED,5,ABZ-5,
AUM,Investment,Odyssey Innovations,AUM NED,6,ABZ-6,
AUM,Investment,Odyssey Innovations,AUM NED,7,ABZ-7,
AUM,Investment,Odyssey Innovations,AUM NED,8,ABZ-8,
AUM,Investment,Odyssey Innovations,AUM NED,9,ABZ-9,
AUM,Investment,Odyssey Innovations,AUM NED,10,ABZ-10,
AUM,Investment,Odyssey Innovations,AUM NED,11,ABZ-11,
AUM Subsi,Investment,Radiant Consultants,AUM Chmn,1,AAK-1,
AUM Subsi,Investment,Radiant Consultants,AUM CEO,2,AAK-2,
AUM Subsi,Investment,Altitude Analytics,AUM Chmn,1,AAY-1,
AUM Subsi,Investment,Altitude Analytics,AUM CEO,2,AAY-2,
AUM Subsi,Investment,Elevation Enterprises,AUM Chmn,1,ABD-1,
AUM Subsi,Investment,Elevation Enterprises,AUM CEO,2,ABD-2,
AUM Subsi,Investment,Synergy Cast,AUM Chmn,1,ABW-1,
AUM Subsi,Investment,Synergy Cast,AUM CEO,2,ABW-2,
AUM,Investment,Development Bank,AUM Chmn,1,AAG-1,
AUM,Investment,Development Bank,AUM CEO,2,AAG-2,
AUM,Investment,Development Bank,AUM NED,3,AAG-3,
AUM,Investment,Development Bank,AUM NED,4,AAG-4,
AUM,Investment,Development Bank,AUM NED,5,AAG-5,
AUM,Investment,Development Bank,AUM NED,6,AAG-6,
AUM,Investment,Development Bank,AUM NED,7,AAG-7,
AUM Subsi,Investment,Virtue Ventures,AUM Chmn,1,ABB-1,
AUM Subsi,Investment,Virtue Ventures,AUM CEO,2,ABB-2,
AUM,Financial Services,Quantum Finance,AUM Chmn,1,AAR-1,
AUM,Financial Services,Quantum Finance,AUM CEO,2,AAR-2,
AUM,Investment,Evolve Enterprises,AUM Chmn,1,ABO-1,
AUM,Investment,Evolve Enterprises,AUM CEO,2,ABO-2,
AUM,Investment,Evolve Enterprises,AUM NED,3,ABO-3,
AUM,Investment,Evolve Enterprises,AUM NED,4,ABO-4,
AUM,Investment,Evolve Enterprises,AUM NED,5,ABO-5,
AUM,Investment,Evolve Enterprises,AUM NED,6,ABO-6,
AUM,Investment,Evolve Enterprises,AUM NED,7,ABO-7,
AUM,Investment,Ascend Rockets,AUM Chmn,1,ACP-1,
AUM,Investment,Ascend Rockets,AUM CEO,2,ACP-2,
AUM,Venture Capital,Stellar Solutions,AUM Chmn,1,ACR-1,
AUM,Venture Capital,Stellar Solutions,AUM Chmn,2,ACR-2,
AUM,Venture Capital,Stellar Solutions,AUM CEO,3,ACR-3,
AUM,Venture Capital,Stellar Solutions,AUM NED,4,ACR-4,
AUM,Venture Capital,Stellar Solutions,AUM NED,5,ACR-5,
Platform/JV,Healthcare,Epoch Innovations,Platform/JVs CEO,1,ACA-1,
Platform/JV,Biotechnology,Frontier Partners,Platform/JVs Chmn,1,AAQ-1,
Platform/JV,Biotechnology,Frontier Partners,Platform/JVs CEO,2,AAQ-2,
Platform/JV,Food/Agriculture,Zenith Dynamics,Platform/JVs Chmn,1,ABM-1,
Platform/JV,Food/Agriculture,Zenith Dynamics,Platform/JVs CEO,2,ABM-2,
Platform/JV,Investment,Visionary Ventures,Platform/JVs Chmn,1,ACS-1,
Platform/JV,Investment,Visionary Ventures,Platform/JVs CEO,2,ACS-2,
Platform/JV,Environmental/Sustainability,Ascension Analytics,Platform/JVs Chmn,1,ABA-1,
Platform/JV,Environmental/Sustainability,Ascension Analytics,Platform/JVs CEO,2,ABA-2,
Platform/JV,Environmental/Sustainability,TerraTech Solutions,Platform/JVs CEO,1,AAS-1,
Platform/JV,Investment,Nexus Rockets,Platform/JVs CEO,1,AAW-1,
Platform/JV,Investment,Vanguard Ventures,Platform/JVs Chmn,1,ABQ-1,
Platform/JV,Investment,Vanguard Ventures,Platform/JVs CEO,2,ABQ-2,
Platform/JV,Cybersecurity,Luminary Labs,Platform/JVs Chmn,1,AAV-1,
Platform/JV,Cybersecurity,Luminary Labs,Platform/JVs CEO,2,AAV-2,
Platform/JV,Technology/Blockchain,Quantum Mining,Platform/JVs CEO,1,ABF-1,
Platform/JV,Investment,Nova Dynamics,Platform/JVs CEO,1,ABI-1,
Platform/JV,Investment,Vind Vend,Platform/JVs Chmn,1,ABK-1,
Platform/JV,Investment,Vind Vend,Platform/JVs CEO,2,ABK-2,
Platform/JV,Investment,Nexus Innovations,Platform/JVs Chmn,1,ACL-1,
Platform/JV,Investment,Nexus Innovations,Platform/JVs CEO,2,ACL-2,
Platform/JV,Information Technology/Consulting,Ascend Analytics,Platform/JVs Chmn,1,ABC-1,
Platform/JV,Information Technology/Consulting,Ascend Analytics,Platform/JVs CEO,2,ABC-2,
TNE,Investment Management,Radiant Solutions,TNE Chmn,1,ACK-1,
TNE,Investment Management,Radiant Solutions,TNE Chmn,2,ACK-2,
TNE,Investment Management,Radiant Solutions,TNE CEO,3,ACK-3,
TNE,Investment Management,Radiant Solutions,TNE Dy CEO,4,ACK-4,
TNE,Investment Management,Radiant Solutions,TNE Board,5,ACK-5,
TNE,Investment Management,Radiant Solutions,TNE Board,6,ACK-6,
TNE,Investment Management,Radiant Solutions,TNE Board,7,ACK-7,
TNE,Investment Management,Radiant Solutions,TNE Board,8,ACK-8,
TNE,Investment Management,Radiant Solutions,TNE Board,9,ACK-9,
TNE,Investment Management,Radiant Solutions,TNE Board,10,ACK-10,
TNE,Investment,Paradigm Partners,Platform/JVs CEO,1,ACQ-1,
TNE,Investment,Empyrean Innovations,TNE Chmn,1,AAH-1,
TNE,Investment,Empyrean Innovations,Platform/JVs CEO,2,AAH-2,
TNE,Investment,Union Bank,Platform/JVs Chmn,1,ACO-1,
TNE,Investment,Union Bank,Platform/JVs CEO,2,ACO-2,
TNE,Investment,Genesis Gamers,TNE Chmn,1,ACM-1,
TNE,Investment,Genesis Gamers,TNE CEO,2,ACM-2,
TNE,Investment,Genesis Gamers,TNE Dy CEO,3,ACM-3,
TNE,Investment,Genesis Gamers,TNE Board,4,ACM-4,
TNE,Investment,Genesis Gamers,TNE Board,5,ACM-5,
TNE,Investment,Genesis Gamers,TNE Board,6,ACM-6,
TNE,Investment,Genesis Gamers,TNE Board,7,ACM-7,
TNE,Investment,Genesis Gamers,TNE Board,8,ACM-8,
TNE,Investment,Genesis Gamers,TNE Board,9,ACM-9,
TNE,Investment,Genesis Gamers,TNE Board,10,ACM-10,
TNE,Investment,Genesis Gamers,TNE Board,11,ACM-11,
TNE,Investment,Zenith Analytics,TNE Chmn,1,ABU-1,
TNE,Investment,Zenith Analytics,TNE CEO,2,ABU-2,
TNE,Investment,Zenith Analytics,TNE Board,3,ABU-3,
TNE,Investment,Zenith Analytics,TNE Board,4,ABU-4,
TNE,Investment,Zenith Analytics,TNE Board,5,ABU-5,
TNE,Investment,Zenith Analytics,TNE Board,6,ABU-6,
TNE,Investment,Zenith Analytics,TNE Board,7,ABU-7,
TNE,Investment,Pinnacle Shopping,TNE Chmn,1,ACN-1,[duplicate]
TNE,Investment,Pinnacle Shopping,TNE CEO,2,ACN-2,
TNE,Investment,Catalyst Bakery,TNE CEO,1,AAP-1,
TNE,Investment,Solstice Consulting,TNE Chmn,1,ABL-1,[duplicate]
TNE,Investment,Solstice Consulting,TNE CEO,2,ABL-2,
TNE,Investment,Fusion Ventures,TNE CEO,1,ABR-1,
Union (Industry),Aviation,United Air,President,1,ACU-1,
Union (Industry),Aviation,United Air,General Secretary,2,ACU-2,
Union (Industry),Aviation,United Air,General Treasurer,3,ACU-3,
Union (Industry),Aviation,Eclipse Innovations,President,1,ACT-1,
Union (Industry),Aviation,Eclipse Innovations,Vice-President,2,ACT-2,
Union (Industry),Aviation,Eclipse Innovations,Vice-President,3,ACT-3,
Union (Industry),Hospitality/Entertainment,Synergy Systems,President,1,ACV-1,
Union (Industry),Hospitality/Entertainment,Synergy Systems,General Secretary,2,ACV-2,
Union (Industry),Hospitality/Entertainment,Synergy Systems,Executive Secretary,3,ACV-3,
Union (Industry),Construction/Manufacturing,Serenity Solutions,President,1,ACW-1,
Union (Industry),Construction/Manufacturing,Serenity Solutions,General Secretary,2,ACW-2,
Union (Industry),Construction/Manufacturing,Serenity Solutions,Executive Secretary,3,ACW-3,
Union (House),Banking/Financial Services,Lumos Labs,President,1,ACX-1,
Union (House),Banking/Financial Services,Lumos Labs,General Secretary,2,ACX-2,
Union (House),Banking/Financial Services,Lumos Labs,General Treasurer,3,ACX-3,
Union (Industry),Food and Beverage Industry,Quantum Spark,President,1,ACY-1,
Union (Industry),Food and Beverage Industry,Quantum Spark,General Secretary,2,ACY-2,
Union (Industry),Food and Beverage Industry,Quantum Spark,Executive Secretary,3,ACY-3,
Union (Industry),Transportation,Nova Drilling,President,1,ADB-1,
Union (Industry),Transportation,Nova Drilling,General Secretary,2,ADB-2,
Union (Industry),Transportation,Nova Drilling,Executive Secretary,3,ADB-3,
Union (Industry),Maritime/Port Operations,Empyrean Dynamics,President,1,ADC-1,
Union (Industry),Maritime/Port Operations,Empyrean Dynamics,General Secretary,2,ADC-2,
Union (Industry),Aviation/Services,Catalyst Creations,President,1,ADG-1,
Union (Industry),Aviation/Services,Catalyst Creations,General Secretary,2,ADG-2,
Union (Industry),Aviation/Services,Catalyst Creations,Executive Secretary,3,ADG-3,
Union (House),Aviation/Engineering,Paradigm Partnerships,President,1,ADE-1,
Union (House),Aviation/Engineering,Paradigm Partnerships,General Secretary,2,ADE-2,
Union (House),Aviation/Engineering,Paradigm Partnerships,Executive Secretary,3,ADE-3,
Union (House),Aviation, Tinker,President,1,ADF-1,
Union (House),Aviation, Tinker,General Secretary,2,ADF-2,
Union (House),Aviation, Tinker,Executive Secretary,3,ADF-3,
Union (Industry),Industrial/Services,Genesis Group,President,1,ADH-1,
Union (Industry),Industrial/Services,Genesis Group,General Secretary,2,ADH-2,
Union (Industry),Industrial/Services,Genesis Group,Executive Secretary,3,ADH-3,
Union (Industry),Manual Labor/Merchants,Radiant Dynamics,President,1,ADI-1,
Union (Industry),Manual Labor/Merchants,Radiant Dynamics,General Secretary,2,ADI-2,
Union (Industry),Manual Labor/Merchants,Radiant Dynamics,Executive Secretary,3,ADI-3,
Union (Industry),Maritime/Port Operations,Pinnacle Productions,President,1,ADJ-1,
Union (Industry),Maritime/Port Operations,Pinnacle Productions,General Secretary,2,ADJ-2,
Union (Industry),Maritime/Port Operations,Pinnacle Productions,Executive Secretary,3,ADJ-3,
Union (Industry),Media/Entertainment,Synergy Solutions,President,1,ADK-1,
Union (Industry),Media/Entertainment,Synergy Solutions,General Secretary,2,ADK-2,
Union (Industry),Media/Entertainment,Synergy Solutions,Executive Secretary,3,ADK-3,
Union (House),Aerospace/Engineering,Fusion Frontier,President,1,ADL-1,
Union (House),Aerospace/Engineering,Fusion Frontier,General Secretary,2,ADL-2,
Union (House),Aerospace/Engineering,Fusion Frontier,Executive Secretary,3,ADL-3,
Union (House),Energy/Utilities,Momentum Matrix,President,1,ADN-1,
Union (House),Energy/Utilities,Momentum Matrix,General Secretary,2,ADN-2,
Union (House),Energy/Utilities,Momentum Matrix,Executive Secretary,3,ADN-3,
Union (House),Security Services,Eclipse Enterprises,President,1,ADO-1,
Union (House),Security Services,Eclipse Enterprises,General Secretary,2,ADO-2,
Union (House),Security Services,Eclipse Enterprises,Executive Secretary,3,ADO-3,
Union (House),Urban Development/Telecommunications,Zenith Zone,President,1,ADM-1,
Union (House),Urban Development/Telecommunications,Zenith Zone,General Secretary,2,ADM-2,
Union (House),Maritime/Engineering,Stellar Systems,President,1,ACZ-1,
Union (House),Maritime/Engineering,Stellar Systems,General Secretary,2,ACZ-2,
Union (House),Maritime/Engineering,Stellar Systems,General Treasurer,3,ACZ-3,
Union (House),Maritime/Engineering,Horizon Holdings,President,1,ADA-1,
Union (House),Maritime/Engineering,Horizon Holdings,General Secretary,2,ADA-2,
Union (House),Maritime/Engineering,Horizon Holdings,General Treasurer,3,ADA-3,
Union (Industry),Maritime/Engineering,Captain Jack,President,1,ADD-1,
Union (Industry),Maritime/Engineering,Captain Jack,General Secretary,2,ADD-2,
Union (Industry),Maritime/Engineering,Captain Jack,Executive Secretary,3,ADD-3,
T,Investment,Pinkrock Global,Advisor,1,AAC-1,
T,Investment,Pinkrock Global,Advisor,2,AAC-2,
T,Investment,Pinkrock Global,Advisor,3,AAC-3,
T,Investment,Pinkrock Global,Advisor,4,AAC-4,
T,Investment,Pinkrock Global,Advisor,5,AAC-5,
T,Investment,Pinkrock Global,Advisor,6,AAC-6,
T,Investment,Pinkrock Global,Advisor,7,AAC-7,
T,Investment,Pinkrock Global,Advisor,8,AAC-8,
T,Investment,Pinkrock Global,Advisor,9,AAC-9,
Core TPC Subsi,Telecommunications,Moonhub,TPC Subsi CEO,1,ACF-1,
T,Investment,LuminaTech Solutions,Former T BOD,12,AAA-12,
T,Investment,LuminaTech Solutions,Former T BOD,13,AAA-13,
T,Investment,LuminaTech Solutions,Former T BOD,14,AAA-14,
T,Investment,Quantum Innovations,Working Team,118,AAB-118,
T,Investment,Quantum Innovations,Working Team,119,AAB-119,
T,Investment,Quantum Innovations,Working Team,120,AAB-120,
T,Investment,Quantum Innovations,Working Team,121,AAB-121,
T,Investment,Quantum Innovations,Working Team,122,AAB-122,
T,Investment,Quantum Innovations,Working Team,123,AAB-123,
T,Investment,Quantum Innovations,Working Team,124,AAB-124,
T,Investment,Quantum Innovations,T Staff,125,AAB-125,
T,Investment,Quantum Innovations,T Staff,126,AAB-126,
T,Investment,Quantum Innovations,T Staff,127,AAB-127,
T,Investment,Quantum Innovations,T Staff,128,AAB-128,
T,Investment,Quantum Innovations,T Staff,129,AAB-129,
T,Investment,Quantum Innovations,T Staff,130,AAB-130,
T,Investment,Quantum Innovations,T Staff,131,AAB-131,
T,Investment,Quantum Innovations,T Staff,132,AAB-132,
T,Investment,Quantum Innovations,T Staff,133,AAB-133,
T,Investment,Quantum Innovations,T Staff,134,AAB-134,
T,Investment,Quantum Innovations,T Staff,135,AAB-135,
T,Investment,Quantum Innovations,T Staff,136,AAB-136,
T,Investment,Quantum Innovations,T Staff,137,AAB-137,
T,Investment,Quantum Innovations,T Staff,138,AAB-138,
T,Investment,Quantum Innovations,T Staff,139,AAB-139,
T,Investment,Quantum Innovations,T Staff,140,AAB-140,
T,Investment,Quantum Innovations,T Staff,141,AAB-141,
T,Investment,Quantum Innovations,T Staff,142,AAB-142,
T,Investment,Quantum Innovations,T Staff,143,AAB-143,
T,Investment,Quantum Innovations,T Staff,144,AAB-144,
T,Investment,Quantum Innovations,T Staff,145,AAB-145,
T,Investment,Quantum Innovations,T Staff,146,AAB-146,
T,Investment,Quantum Innovations,T Staff,147,AAB-147,
T,Investment,Quantum Innovations,T Staff,148,AAB-148,
T,Investment,Quantum Innovations,T Staff,149,AAB-149,
T,Investment,Quantum Innovations,T Staff,150,AAB-150,
T,Investment,Quantum Innovations,T Staff,151,AAB-151,
T,Investment,Quantum Innovations,T Staff,152,AAB-152,
T,Investment,Quantum Innovations,T Staff,153,AAB-153,
T,Investment,Quantum Innovations,T Staff,154,AAB-154,
T,Investment,Quantum Innovations,T Staff,155,AAB-155,
T,Investment,Quantum Innovations,T Staff,156,AAB-156,
T,Investment,Quantum Innovations,T Staff,157,AAB-157,
T,Investment,Quantum Innovations,T Staff,158,AAB-158,
T,Investment,Quantum Innovations,T Staff,159,AAB-159,
T,Investment,Quantum Innovations,T Staff,160,AAB-160,
T,Investment,Quantum Innovations,T Staff,161,AAB-161,
T,Investment,Quantum Innovations,T Staff,162,AAB-162,
T,Investment,Quantum Innovations,T Staff,163,AAB-163,
T,Investment,Quantum Innovations,T Staff,164,AAB-164,
T,Investment,Quantum Innovations,T Staff,165,AAB-165,
AUM,Investment,Ascend Rockets,AUM NED,3,ACP-3,